grouping,total_hh_income_2018,total_cocoa_income_2018,benchmark,food_value,below_benchmark,fgt_gap,total_hh_income_2018_including_food_value,below_benchmark_with_food,fgt_gap_with_food
Female-headed,564.8854,508.3969,4001,450,1,0.858813947,1014.8854,1,0.746342064
Female-headed,304.403,60.8806,4001,450,1,0.92391827,754.403,1,0.811446388
Female-headed,775.6208,387.8104,4001,450,1,0.806143264,1225.6208,1,0.693671382
Female-headed,310.6949,31.06949,4001,450,1,0.922345689,760.6949,1,0.809873807
Female-headed,92.43517,64.70461,4001,450,1,0.976896983,542.43517,1,0.864425101
Female-headed,347.9338,104.3801,4001,450,1,0.91303829,797.9338,1,0.800566408
Female-headed,711.1427,426.6856,4001,450,1,0.82225876,1161.1427,1,0.709786878
Female-headed,2949.464,1474.732,4001,450,1,0.262818295,3399.464,1,0.150346413
Female-headed,942.4622,565.4774,4001,450,1,0.764443339,1392.4622,1,0.651971457
Female-headed,1624.96,974.9762,4001,450,1,0.593861535,2074.96,1,0.481389653
Female-headed,726.8939,218.0682,4001,450,1,0.818321945,1176.8939,1,0.705850062
Female-headed,1338.732,736.3028,4001,450,1,0.66540065,1788.732,1,0.552928768
Female-headed,1503.381,676.5213,4001,450,1,0.624248688,1953.381,1,0.511776806
Female-headed,639.437,511.5496,4001,450,1,0.840180705,1089.437,1,0.727708823
Female-headed,1336.412,534.565,4001,450,1,0.665980505,1786.412,1,0.553508623
Female-headed,2012.409,1207.445,4001,450,1,0.497023494,2462.409,1,0.384551612
Female-headed,699.4102,454.6166,4001,450,1,0.825191152,1149.4102,1,0.71271927
Female-headed,1515.02,454.5058,4001,450,1,0.621339665,1965.02,1,0.508867783
Female-headed,2783.781,1670.269,4001,450,1,0.304228693,3233.781,1,0.191756811
Female-headed,674.8011,404.8807,4001,450,1,0.83134189,1124.8011,1,0.718870007
Female-headed,569.3389,455.4711,4001,450,1,0.85770085,1019.3389,1,0.745228968
Female-headed,876.8326,175.3665,4001,450,1,0.780846638,1326.8326,1,0.668374756
Female-headed,7400.563,2960.225,4001,450,0,0,7850.563,0,0
Female-headed,1174.883,881.162,4001,450,1,0.706352662,1624.883,1,0.59388078
Female-headed,1609.31,1126.517,4001,450,1,0.597773057,2059.31,1,0.485301175
Female-headed,1533.903,1073.732,4001,450,1,0.616620095,1983.903,1,0.504148213
Female-headed,9995.856,5997.514,4001,450,0,0,10445.856,0,0
Female-headed,1574.768,708.6456,4001,450,1,0.606406398,2024.768,1,0.493934516
Female-headed,387.1233,193.5616,4001,450,1,0.903243364,837.1233,1,0.790771482
Female-headed,2548.737,1784.116,4001,450,1,0.362975006,2998.737,1,0.250503124
Female-headed,3143.323,2514.658,4001,450,1,0.214365659,3593.323,1,0.101893777
Female-headed,770.5435,385.2717,4001,450,1,0.807412272,1220.5435,1,0.69494039
Female-headed,5802.188,1450.547,4001,450,0,0,6252.188,0,0
Female-headed,325.6285,162.8143,4001,450,1,0.918613222,775.6285,1,0.80614134
Female-headed,424.6453,254.7872,4001,450,1,0.893865209,874.6453,1,0.781393327
Female-headed,1886.382,943.1912,4001,450,1,0.528522369,2336.382,1,0.416050487
Female-headed,379.2521,246.5139,4001,450,1,0.905210672,829.2521,1,0.79273879
Female-headed,347.3228,243.1259,4001,450,1,0.913191002,797.3228,1,0.80071912
Female-headed,732.0616,439.2369,4001,450,1,0.817030342,1182.0616,1,0.70455846
Female-headed,856.5587,342.6235,4001,450,1,0.785913847,1306.5587,1,0.673441965
Female-headed,465.5177,279.3106,4001,450,1,0.883649663,915.5177,1,0.771177781
Female-headed,3915.963,1174.789,4001,450,1,0.021253937,4365.963,0,0
Female-headed,635.7689,572.192,4001,450,1,0.841097501,1085.7689,1,0.728625619
Female-headed,379.8001,341.8201,4001,450,1,0.905073707,829.8001,1,0.792601825
Female-headed,1161.622,696.9731,4001,450,1,0.709667083,1611.622,1,0.597195201
Female-headed,823.8443,617.8832,4001,450,1,0.794090402,1273.8443,1,0.68161852
Female-headed,5355.951,3749.165,4001,450,0,0,5805.951,0,0
Female-headed,4718.25,2359.125,4001,450,0,0,5168.25,0,0
Female-headed,2073.396,1244.037,4001,450,1,0.481780555,2523.396,1,0.369308673
Female-headed,6972.767,3137.745,4001,450,0,0,7422.767,0,0
Female-headed,271.6481,203.7361,4001,450,1,0.932104949,721.6481,1,0.819633067
Female-headed,2479.949,991.9798,4001,450,1,0.380167708,2929.949,1,0.267695826
Female-headed,303.4409,303.4409,4001,450,1,0.924158735,753.4409,1,0.811686853
Female-headed,1781.32,1246.924,4001,450,1,0.554781305,2231.32,1,0.442309423
Female-headed,2118.997,1695.197,4001,450,1,0.470383154,2568.997,1,0.357911272
Female-headed,1333.085,866.5055,4001,450,1,0.666812047,1783.085,1,0.554340165
Female-headed,3462.732,1281.211,4001,450,1,0.134533367,3912.732,1,0.022061485
Female-headed,676.3079,405.7847,4001,450,1,0.830965284,1126.3079,1,0.718493402
Female-headed,1804.875,1443.9,4001,450,1,0.548894026,2254.875,1,0.436422144
Female-headed,3297.775,2935.019,4001,450,1,0.175762309,3747.775,1,0.063290427
Female-headed,308.5673,231.4255,4001,450,1,0.922877456,758.5673,1,0.810405574
Female-headed,3004.359,1051.526,4001,450,1,0.249097976,3454.359,1,0.136626093
Female-headed,322.8214,193.6928,4001,450,1,0.919314821,772.8214,1,0.806842939
Female-headed,2504.629,1252.314,4001,450,1,0.37399925,2954.629,1,0.261527368
Female-headed,3555.493,2133.296,4001,450,1,0.111348913,4005.493,0,0
Female-headed,405.5701,324.4561,4001,450,1,0.898632817,855.5701,1,0.786160935
Female-headed,1012.73,658.2748,4001,450,1,0.74688078,1462.73,1,0.634408898
Female-headed,538.9973,485.0976,4001,450,1,0.865284354,988.9973,1,0.752812472
Female-headed,807.4147,605.561,4001,450,1,0.798196776,1257.4147,1,0.685724894
Female-headed,265.6259,265.6259,4001,450,1,0.933610122,715.6259,1,0.82113824
Female-headed,631.0565,631.0565,4001,450,1,0.842275306,1081.0565,1,0.729803424
Female-headed,2935.469,2054.828,4001,450,1,0.266316171,3385.469,1,0.153844289
Female-headed,740.7616,481.495,4001,450,1,0.814855886,1190.7616,1,0.702384004
Female-headed,3481.576,2263.024,4001,450,1,0.129823544,3931.576,1,0.017351662
Female-headed,3489.51,2093.706,4001,450,1,0.12784054,3939.51,1,0.015368658
Female-headed,3378.667,1858.267,4001,450,1,0.155544364,3828.667,1,0.043072482
Female-headed,2104.649,1788.952,4001,450,1,0.473969258,2554.649,1,0.361497376
Female-headed,710.0922,426.0553,4001,450,1,0.82252132,1160.0922,1,0.710049438
Female-headed,5269.005,2107.602,4001,450,0,0,5719.005,0,0
Female-headed,1278.996,959.2473,4001,450,1,0.680330917,1728.996,1,0.567859035
Female-headed,7139.951,4997.966,4001,450,0,0,7589.951,0,0
Female-headed,695.4694,417.2817,4001,450,1,0.826176106,1145.4694,1,0.713704224
Female-headed,857.2384,600.0668,4001,450,1,0.785743964,1307.2384,1,0.673272082
Female-headed,1149.697,804.788,4001,450,1,0.712647588,1599.697,1,0.600175706
Female-headed,2022.366,1011.183,4001,450,1,0.494534866,2472.366,1,0.382062984
Female-headed,2356.714,1885.372,4001,450,1,0.410968758,2806.714,1,0.298496876
Female-headed,4690.483,3283.338,4001,450,0,0,5140.483,0,0
Female-headed,2022.128,1213.277,4001,450,1,0.494594351,2472.128,1,0.382122469
Female-headed,1726.482,1208.537,4001,450,1,0.568487378,2176.482,1,0.456015496
Female-headed,426.1386,255.6832,4001,450,1,0.893491977,876.1386,1,0.781020095
Female-headed,106.8051,74.76354,4001,450,1,0.973305399,556.8051,1,0.860833517
Female-headed,246.197,160.028,4001,450,1,0.938466133,696.197,1,0.825994251
Female-headed,1156.81,809.767,4001,450,1,0.710869783,1606.81,1,0.598397901
Female-headed,559.4716,447.5773,4001,450,1,0.860167058,1009.4716,1,0.747695176
Female-headed,1961.127,1372.789,4001,450,1,0.50984079,2411.127,1,0.397368908
Female-headed,537.6262,322.5757,4001,450,1,0.865627043,987.6262,1,0.753155161
Female-headed,488.5126,390.8101,4001,450,1,0.877902374,938.5126,1,0.765430492
Female-headed,385.4615,212.0038,4001,450,1,0.90365871,835.4615,1,0.791186828
Female-headed,2023.048,1213.829,4001,450,1,0.494364409,2473.048,1,0.381892527
Female-headed,2401.704,1561.108,4001,450,1,0.399724069,2851.704,1,0.287252187
Female-headed,615.887,307.9435,4001,450,1,0.846066733,1065.887,1,0.733594851
Female-headed,3995.019,2197.261,4001,450,1,0.001494876,4445.019,0,0
Female-headed,2224.243,1112.121,4001,450,1,0.44407823,2674.243,1,0.331606348
Female-headed,702.1707,631.9536,4001,450,1,0.8245012,1152.1707,1,0.712029318
Female-headed,2632.437,1052.975,4001,450,1,0.342055236,3082.437,1,0.229583354
Female-headed,6253.945,4377.762,4001,450,0,0,6703.945,0,0
Female-headed,1429.699,929.3044,4001,450,1,0.642664584,1879.699,1,0.530192702
Female-headed,2101.146,1260.688,4001,450,1,0.474844789,2551.146,1,0.362372907
Female-headed,5219.355,2870.646,4001,450,0,0,5669.355,0,0
Female-headed,284.3234,199.0264,4001,450,1,0.928936916,734.3234,1,0.816465034
Female-headed,3976.711,3579.04,4001,450,1,0.006070732,4426.711,0,0
Female-headed,1613.194,1613.194,4001,450,1,0.596802299,2063.194,1,0.484330417
Female-headed,6867.7,5150.774,4001,450,0,0,7317.7,0,0
Female-headed,1797.654,1438.123,4001,450,1,0.550698825,2247.654,1,0.438226943
Female-headed,677.1996,406.3198,4001,450,1,0.830742414,1127.1996,1,0.718270532
Female-headed,1900.582,1520.465,4001,450,1,0.524973257,2350.582,1,0.412501375
Female-headed,24.58819,17.21173,4001,450,1,0.993854489,474.58819,1,0.881382607
Female-headed,304.7754,213.3428,4001,450,1,0.923825194,754.7754,1,0.811353312
Female-headed,1707.34,1536.606,4001,450,1,0.573271682,2157.34,1,0.4607998
Female-headed,1234.944,864.4611,4001,450,1,0.691341165,1684.944,1,0.578869283
Female-headed,1894.735,1136.841,4001,450,1,0.526434641,2344.735,1,0.413962759
Female-headed,741.1375,667.0237,4001,450,1,0.814761935,1191.1375,1,0.702290052
Female-headed,1007.221,705.0548,4001,450,1,0.748257686,1457.221,1,0.635785804
Female-headed,928.9755,882.5267,4001,450,1,0.767814171,1378.9755,1,0.655342289
Female-headed,768.8762,768.8762,4001,450,1,0.807828993,1218.8762,1,0.695357111
Female-headed,452.3509,316.6456,4001,450,1,0.88694054,902.3509,1,0.774468658
Female-headed,64.4707,64.4707,4001,450,1,0.983886353,514.4707,1,0.871414471
Female-headed,846.3533,846.3533,4001,450,1,0.788464559,1296.3533,1,0.675992677
Female-headed,407.0356,325.6285,4001,450,1,0.898266533,857.0356,1,0.785794651
Female-headed,283.2484,169.949,4001,450,1,0.929205599,733.2484,1,0.816733717
Female-headed,418.675,293.0725,4001,450,1,0.895357411,868.675,1,0.782885529
Female-headed,890.6438,445.3219,4001,450,1,0.777394701,1340.6438,1,0.664922819
Female-headed,2312.276,462.4551,4001,450,1,0.422075481,2762.276,1,0.309603599
Female-headed,282.7728,212.0796,4001,450,1,0.929324469,732.7728,1,0.816852587
Female-headed,1268.561,443.9963,4001,450,1,0.682939015,1718.561,1,0.570467133
Female-headed,4362.134,3707.814,4001,450,0,0,4812.134,0,0
Female-headed,491.2499,245.6249,4001,450,1,0.87721822,941.2499,1,0.764746338
Female-headed,1336.34,668.17,4001,450,1,0.6659985,1786.34,1,0.553526618
Female-headed,940.5884,329.2059,4001,450,1,0.764911672,1390.5884,1,0.65243979
Female-headed,336.1763,84.04408,4001,450,1,0.915976931,786.1763,1,0.803505049
Female-headed,1162.959,407.0356,4001,450,1,0.709332917,1612.959,1,0.596861035
Female-headed,165.5512,82.77562,4001,450,1,0.958622544,615.5512,1,0.846150662
Female-headed,7097.829,2129.349,4001,450,0,0,7547.829,0,0
Female-headed,273.3688,273.3688,4001,450,1,0.931674881,723.3688,1,0.819202999
"Male-headed, large",3532.989,3179.69,5123,450,1,0.310367168,3982.989,1,0.222528011
"Male-headed, large",1787.907,893.9534,5123,450,1,0.651003904,2237.907,1,0.563164747
"Male-headed, large",4891.675,2935.005,5123,450,1,0.045154207,5341.675,0,0
"Male-headed, large",361.4952,289.1961,5123,450,1,0.929436814,811.4952,1,0.841597658
"Male-headed, large",1191.556,953.2451,5123,450,1,0.767410502,1641.556,1,0.679571345
"Male-headed, large",10032.73,3009.818,5123,450,0,0,10482.73,0,0
"Male-headed, large",10474.46,5760.955,5123,450,0,0,10924.46,0,0
"Male-headed, large",1437.014,1437.014,5123,450,1,0.71949756,1887.014,1,0.631658403
"Male-headed, large",4117.609,3294.088,5123,450,1,0.196250439,4567.609,1,0.108411282
"Male-headed, large",9051.469,5430.881,5123,450,0,0,9501.469,0,0
"Male-headed, large",951.2413,523.1827,5123,450,1,0.814319481,1401.2413,1,0.726480324
"Male-headed, large",6875.493,4812.845,5123,450,0,0,7325.493,0,0
"Male-headed, large",2590.671,1036.268,5123,450,1,0.494305875,3040.671,1,0.406466719
"Male-headed, large",2393.94,1436.364,5123,450,1,0.532707398,2843.94,1,0.444868241
"Male-headed, large",2915.521,1749.313,5123,450,1,0.430895764,3365.521,1,0.343056607
"Male-headed, large",4919.623,4427.661,5123,450,1,0.039698809,5369.623,0,0
"Male-headed, large",980.5529,441.2488,5123,450,1,0.808597911,1430.5529,1,0.720758755
"Male-headed, large",4470.185,3576.148,5123,450,1,0.127428265,4920.185,1,0.039589108
"Male-headed, large",2528.433,1769.903,5123,450,1,0.506454616,2978.433,1,0.41861546
"Male-headed, large",1677.869,1174.508,5123,450,1,0.672483115,2127.869,1,0.584643959
"Male-headed, large",2072.187,1554.14,5123,450,1,0.595512981,2522.187,1,0.507673824
"Male-headed, large",3258.994,3096.044,5123,450,1,0.363850478,3708.994,1,0.276011321
"Male-headed, large",7127.399,4276.439,5123,450,0,0,7577.399,0,0
"Male-headed, large",3577.71,2146.626,5123,450,1,0.301637712,4027.71,1,0.213798556
"Male-headed, large",5648.198,4236.148,5123,450,0,0,6098.198,0,0
"Male-headed, large",4940.121,1482.036,5123,450,1,0.035697638,5390.121,0,0
"Male-headed, large",3482.728,1567.228,5123,450,1,0.320178021,3932.728,1,0.232338864
"Male-headed, large",685.3058,479.7141,5123,450,1,0.866229592,1135.3058,1,0.778390435
"Male-headed, large",9060.758,2718.228,5123,450,0,0,9510.758,0,0
"Male-headed, large",1014.782,608.8691,5123,450,1,0.801916455,1464.782,1,0.714077298
"Male-headed, large",1421.537,1421.537,5123,450,1,0.722518641,1871.537,1,0.634679485
"Male-headed, large",5593.241,2796.621,5123,450,0,0,6043.241,0,0
"Male-headed, large",5073.283,3043.97,5123,450,1,0.009704665,5523.283,0,0
"Male-headed, large",4792.175,1916.87,5123,450,1,0.06457642,5242.175,0,0
"Male-headed, large",1741.364,1044.818,5123,450,1,0.66008901,2191.364,1,0.572249854
"Male-headed, large",2215.303,1329.182,5123,450,1,0.567577006,2665.303,1,0.479737849
"Male-headed, large",1085.588,651.353,5123,450,1,0.788095257,1535.588,1,0.7002561
"Male-headed, large",949.1644,759.3316,5123,450,1,0.814724888,1399.1644,1,0.726885731
"Male-headed, large",3836.427,2301.857,5123,450,1,0.251136639,4286.427,1,0.163297482
"Male-headed, large",4383.82,1753.528,5123,450,1,0.144286551,4833.82,1,0.056447394
"Male-headed, large",7793.651,2338.095,5123,450,0,0,8243.651,0,0
"Male-headed, large",3232.521,2262.765,5123,450,1,0.369017958,3682.521,1,0.281178801
"Male-headed, large",5567.499,5010.749,5123,450,0,0,6017.499,0,0
"Male-headed, large",5195.986,3117.592,5123,450,0,0,5645.986,0,0
"Male-headed, large",7898.22,3949.11,5123,450,0,0,8348.22,0,0
"Male-headed, large",1348.433,1348.433,5123,450,1,0.736788405,1798.433,1,0.648949248
"Male-headed, large",5288.718,4442.523,5123,450,0,0,5738.718,0,0
"Male-headed, large",5884.24,4118.968,5123,450,0,0,6334.24,0,0
"Male-headed, large",1264.91,252.982,5123,450,1,0.753091938,1714.91,1,0.665252782
"Male-headed, large",3225.519,3225.519,5123,450,1,0.370384736,3675.519,1,0.282545579
"Male-headed, large",5601.665,5041.498,5123,450,0,0,6051.665,0,0
"Male-headed, large",4412.456,3529.965,5123,450,1,0.138696857,4862.456,1,0.050857701
"Male-headed, large",5354.781,4016.086,5123,450,0,0,5804.781,0,0
"Male-headed, large",7904.416,5533.091,5123,450,0,0,8354.416,0,0
"Male-headed, large",968.7448,484.3724,5123,450,1,0.81090283,1418.7448,1,0.723063674
"Male-headed, large",4672.281,3504.211,5123,450,1,0.087979504,5122.281,1,0.000140347
"Male-headed, large",4001.557,2400.934,5123,450,1,0.218903572,4451.557,1,0.131064415
"Male-headed, large",4845.66,2907.396,5123,450,1,0.054136248,5295.66,0,0
"Male-headed, large",4726.826,2836.095,5123,450,1,0.077332422,5176.826,0,0
"Male-headed, large",5303.851,2386.733,5123,450,0,0,5753.851,0,0
"Male-headed, large",12618.29,4037.854,5123,450,0,0,13068.29,0,0
"Male-headed, large",1939.087,1260.407,5123,450,1,0.621493851,2389.087,1,0.533654695
"Male-headed, large",4766.225,2859.735,5123,450,1,0.069641811,5216.225,0,0
"Male-headed, large",3733.645,2613.551,5123,450,1,0.271199492,4183.645,1,0.183360336
"Male-headed, large",1405.521,1405.521,5123,450,1,0.725644935,1855.521,1,0.637805778
"Male-headed, large",4909.019,4172.666,5123,450,1,0.04176869,5359.019,0,0
"Male-headed, large",8681.825,6077.277,5123,450,0,0,9131.825,0,0
"Male-headed, large",10974.34,4938.454,5123,450,0,0,11424.34,0,0
"Male-headed, large",3016.131,2412.905,5123,450,1,0.411256881,3466.131,1,0.323417724
"Male-headed, large",3672.185,3488.576,5123,450,1,0.283196369,4122.185,1,0.195357213
"Male-headed, large",5540.045,1939.016,5123,450,0,0,5990.045,0,0
"Male-headed, large",967.8758,483.9379,5123,450,1,0.811072458,1417.8758,1,0.723233301
"Male-headed, large",8915.526,7132.421,5123,450,0,0,9365.526,0,0
"Male-headed, large",9442.299,5665.38,5123,450,0,0,9892.299,0,0
"Male-headed, large",2617.207,1570.324,5123,450,1,0.489126098,3067.207,1,0.401286941
"Male-headed, large",2493.626,1496.175,5123,450,1,0.513248878,2943.626,1,0.425409721
"Male-headed, large",7587.688,6070.151,5123,450,0,0,8037.688,0,0
"Male-headed, large",7799.244,5459.471,5123,450,0,0,8249.244,0,0
"Male-headed, large",3713.48,3713.48,5123,450,1,0.275135663,4163.48,1,0.187296506
"Male-headed, large",8376.784,6701.427,5123,450,0,0,8826.784,0,0
"Male-headed, large",4682.35,2107.057,5123,450,1,0.086014054,5132.35,0,0
"Male-headed, large",2402.807,1201.404,5123,450,1,0.530976576,2852.807,1,0.443137419
"Male-headed, large",5631.819,3942.273,5123,450,0,0,6081.819,0,0
"Male-headed, large",3111.457,2644.739,5123,450,1,0.392649424,3561.457,1,0.304810267
"Male-headed, large",8692.006,6953.605,5123,450,0,0,9142.006,0,0
"Male-headed, large",1412.695,1200.791,5123,450,1,0.724244583,1862.695,1,0.636405427
"Male-headed, large",3795.724,2277.435,5123,450,1,0.259081788,4245.724,1,0.171242631
"Male-headed, large",3992.09,2994.068,5123,450,1,0.220751513,4442.09,1,0.132912356
"Male-headed, large",6391.294,3834.776,5123,450,0,0,6841.294,0,0
"Male-headed, large",8932.405,6252.684,5123,450,0,0,9382.405,0,0
"Male-headed, large",1533.195,1226.556,5123,450,1,0.700723209,1983.195,1,0.612884052
"Male-headed, large",10099.46,6059.676,5123,450,0,0,10549.46,0,0
"Male-headed, large",1750.335,1750.335,5123,450,1,0.658337888,2200.335,1,0.570498731
"Male-headed, large",4288.252,3859.427,5123,450,1,0.162941245,4738.252,1,0.075102089
"Male-headed, large",6942.941,4026.906,5123,450,0,0,7392.941,0,0
"Male-headed, large",3541.25,2833,5123,450,1,0.308754636,3991.25,1,0.220915479
"Male-headed, large",11301.96,5085.883,5123,450,0,0,11751.96,0,0
"Male-headed, large",3437.101,2749.681,5123,450,1,0.329084326,3887.101,1,0.241245169
"Male-headed, large",1297.353,1167.618,5123,450,1,0.746759126,1747.353,1,0.658919969
"Male-headed, large",6154.659,2461.864,5123,450,0,0,6604.659,0,0
"Male-headed, large",5129.12,3590.384,5123,450,0,0,5579.12,0,0
"Male-headed, large",4456.135,3564.908,5123,450,1,0.130170798,4906.135,1,0.042331642
"Male-headed, large",6184.976,3710.986,5123,450,0,0,6634.976,0,0
"Male-headed, large",289.643,289.643,5123,450,1,0.943462229,739.643,1,0.855623072
"Male-headed, large",6201.953,5581.757,5123,450,0,0,6651.953,0,0
"Male-headed, large",7091.543,2836.617,5123,450,0,0,7541.543,0,0
"Male-headed, large",11980.18,5990.091,5123,450,0,0,12430.18,0,0
"Male-headed, large",4157.551,2286.653,5123,450,1,0.188453836,4607.551,1,0.100614679
"Male-headed, large",9190.234,5514.141,5123,450,0,0,9640.234,0,0
"Male-headed, large",1456.858,874.1146,5123,450,1,0.715624048,1906.858,1,0.627784892
"Male-headed, large",9759.053,6343.384,5123,450,0,0,10209.053,0,0
"Male-headed, large",10416.06,7291.241,5123,450,0,0,10866.06,0,0
"Male-headed, large",10792.92,5396.458,5123,450,0,0,11242.92,0,0
"Male-headed, large",7602.956,3801.478,5123,450,0,0,8052.956,0,0
"Male-headed, large",4246.748,3397.398,5123,450,1,0.171042748,4696.748,1,0.083203592
"Male-headed, large",6059.327,3332.63,5123,450,0,0,6509.327,0,0
"Male-headed, large",5163.913,3614.739,5123,450,0,0,5613.913,0,0
"Male-headed, large",2863.278,1431.639,5123,450,1,0.4410935,3313.278,1,0.353254343
"Male-headed, large",1159.35,1159.35,5123,450,1,0.773697053,1609.35,1,0.685857896
"Male-headed, large",10530.41,3685.643,5123,450,0,0,10980.41,0,0
"Male-headed, large",1606.19,1445.571,5123,450,1,0.686474722,2056.19,1,0.598635565
"Male-headed, large",8427.89,5899.523,5123,450,0,0,8877.89,0,0
"Male-headed, large",2075.598,1556.698,5123,450,1,0.59484716,2525.598,1,0.507008003
"Male-headed, large",11169.83,6701.897,5123,450,0,0,11619.83,0,0
"Male-headed, large",1838.51,1470.808,5123,450,1,0.641126293,2288.51,1,0.553287136
"Male-headed, large",4875.128,3412.589,5123,450,1,0.04838415,5325.128,0,0
"Male-headed, large",8264.714,5372.063,5123,450,0,0,8714.714,0,0
"Male-headed, large",4876.282,3901.026,5123,450,1,0.048158891,5326.282,0,0
"Male-headed, large",1195.987,1076.388,5123,450,1,0.766545579,1645.987,1,0.678706422
"Male-headed, large",998.3471,998.3471,5123,450,1,0.805124517,1448.3471,1,0.71728536
"Male-headed, large",3731.133,3171.463,5123,450,1,0.27168983,4181.133,1,0.183850673
"Male-headed, large",4254.815,1914.667,5123,450,1,0.169468085,4704.815,1,0.081628928
"Male-headed, large",2559.518,2559.518,5123,450,1,0.500386883,3009.518,1,0.412547726
"Male-headed, large",3022.933,1813.76,5123,450,1,0.409929143,3472.933,1,0.322089986
"Male-headed, large",7934.935,4760.961,5123,450,0,0,8384.935,0,0
"Male-headed, large",2484.907,1987.926,5123,450,1,0.51495081,2934.907,1,0.427111653
"Male-headed, large",5262.456,3946.842,5123,450,0,0,5712.456,0,0
"Male-headed, large",11054.13,5527.067,5123,450,0,0,11504.13,0,0
"Male-headed, large",6114.066,4157.565,5123,450,0,0,6564.066,0,0
"Male-headed, large",6885.396,4131.238,5123,450,0,0,7335.396,0,0
"Male-headed, large",5862.488,4689.991,5123,450,0,0,6312.488,0,0
"Male-headed, large",4926.033,1231.508,5123,450,1,0.038447589,5376.033,0,0
"Male-headed, large",10245.96,5635.277,5123,450,0,0,10695.96,0,0
"Male-headed, large",5137.462,4623.716,5123,450,0,0,5587.462,0,0
"Male-headed, large",6710.005,4026.003,5123,450,0,0,7160.005,0,0
"Male-headed, large",5221.983,4177.586,5123,450,0,0,5671.983,0,0
"Male-headed, large",5420.262,3252.157,5123,450,0,0,5870.262,0,0
"Male-headed, large",6052.129,3631.278,5123,450,0,0,6502.129,0,0
"Male-headed, large",1219.382,853.5675,5123,450,1,0.761978919,1669.382,1,0.674139762
"Male-headed, large",8338.167,4169.083,5123,450,0,0,8788.167,0,0
"Male-headed, large",2918.113,2626.302,5123,450,1,0.430389811,3368.113,1,0.342550654
"Male-headed, large",7646.987,4970.542,5123,450,0,0,8096.987,0,0
"Male-headed, large",6516.826,3258.413,5123,450,0,0,6966.826,0,0
"Male-headed, large",9147.289,5488.374,5123,450,0,0,9597.289,0,0
"Male-headed, large",6429.97,4822.478,5123,450,0,0,6879.97,0,0
"Male-headed, large",7029.202,4217.521,5123,450,0,0,7479.202,0,0
"Male-headed, large",1157.076,809.9529,5123,450,1,0.774140933,1607.076,1,0.686301776
"Male-headed, large",2446.121,978.4482,5123,450,1,0.522521765,2896.121,1,0.434682608
"Male-headed, large",12188.17,4875.266,5123,450,0,0,12638.17,0,0
"Male-headed, large",6206.591,3103.296,5123,450,0,0,6656.591,0,0
"Male-headed, large",2537.656,1903.242,5123,450,1,0.504654304,2987.656,1,0.416815147
"Male-headed, large",3956.502,1384.776,5123,450,1,0.227698224,4406.502,1,0.139859067
"Male-headed, large",7640.645,1910.161,5123,450,0,0,8090.645,0,0
"Male-headed, large",5000.222,4000.177,5123,450,1,0.023966036,5450.222,0,0
"Male-headed, large",2836.067,1418.033,5123,450,1,0.446405036,3286.067,1,0.358565879
"Male-headed, large",11754.87,4701.947,5123,450,0,0,12204.87,0,0
"Male-headed, large",3076.314,1845.788,5123,450,1,0.399509272,3526.314,1,0.311670115
"Male-headed, large",2686.147,1880.303,5123,450,1,0.475669139,3136.147,1,0.387829982
"Male-headed, large",1967.903,1141.384,5123,450,1,0.615869022,2417.903,1,0.528029865
"Male-headed, large",8567.164,3426.865,5123,450,0,0,9017.164,0,0
"Male-headed, large",3848.475,3078.78,5123,450,1,0.248784892,4298.475,1,0.160945735
"Male-headed, large",1768.212,1768.212,5123,450,1,0.654848331,2218.212,1,0.567009174
"Male-headed, large",2624.638,1574.783,5123,450,1,0.487675581,3074.638,1,0.399836424
"Male-headed, large",10280.16,4112.064,5123,450,0,0,10730.16,0,0
"Male-headed, large",482.0502,289.2301,5123,450,1,0.905904704,932.0502,1,0.818065548
"Male-headed, large",9646.743,5788.046,5123,450,0,0,10096.743,0,0
"Male-headed, large",3978.09,2983.567,5123,450,1,0.223484287,4428.09,1,0.13564513
"Male-headed, large",3153.473,2522.778,5123,450,1,0.38444798,3603.473,1,0.296608823
"Male-headed, large",4221.831,2533.099,5123,450,1,0.1759065,4671.831,1,0.088067343
"Male-headed, large",5970.228,5970.228,5123,450,0,0,6420.228,0,0
"Male-headed, large",2063.992,928.7962,5123,450,1,0.597112629,2513.992,1,0.509273473
"Male-headed, large",1702.532,681.0127,5123,450,1,0.667668944,2152.532,1,0.579829787
"Male-headed, large",2614.011,1307.005,5123,450,1,0.489749951,3064.011,1,0.401910794
"Male-headed, large",1395.06,1395.06,5123,450,1,0.727686902,1845.06,1,0.639847745
"Male-headed, large",1080.749,432.2997,5123,450,1,0.78903982,1530.749,1,0.701200664
"Male-headed, large",1786.113,910.9176,5123,450,1,0.651354089,2236.113,1,0.563514933
"Male-headed, large",4430.79,1550.776,5123,450,1,0.135118095,4880.79,1,0.047278938
"Male-headed, typical",4265.452,2559.271,4742,450,1,0.10049515,4715.452,1,0.005598482
"Male-headed, typical",4919.516,2951.71,4742,450,0,0,5369.516,0,0
"Male-headed, typical",2473.794,1484.276,4742,450,1,0.478322649,2923.794,1,0.383425981
"Male-headed, typical",414.2484,298.2589,4742,450,1,0.912642682,864.2484,1,0.817746014
"Male-headed, typical",3194.421,1916.653,4742,450,1,0.326355757,3644.421,1,0.231459089
"Male-headed, typical",1248.336,624.1681,4742,450,1,0.736749051,1698.336,1,0.641852383
"Male-headed, typical",2687.264,806.1793,4742,450,1,0.433305778,3137.264,1,0.33840911
"Male-headed, typical",499.5711,399.6569,4742,450,1,0.894649705,949.5711,1,0.799753037
"Male-headed, typical",772.9082,386.4541,4742,450,1,0.837007971,1222.9082,1,0.742111303
"Male-headed, typical",452.9575,249.1266,4742,450,1,0.90447965,902.9575,1,0.809582982
"Male-headed, typical",1316.737,987.5526,4742,450,1,0.722324547,1766.737,1,0.627427879
"Male-headed, typical",676.865,473.8055,4742,450,1,0.857261704,1126.865,1,0.762365036
"Male-headed, typical",657.7133,657.7133,4742,450,1,0.861300443,1107.7133,1,0.766403775
"Male-headed, typical",4468.375,2681.025,4742,450,1,0.057702446,4918.375,0,0
"Male-headed, typical",416.5134,333.2107,4742,450,1,0.912165036,866.5134,1,0.817268368
"Male-headed, typical",1722.503,1033.502,4742,450,1,0.63675601,2172.503,1,0.541859342
"Male-headed, typical",1875.681,1031.625,4742,450,1,0.604453606,2325.681,1,0.509556938
"Male-headed, typical",1673.759,669.5034,4742,450,1,0.647035217,2123.759,1,0.552138549
"Male-headed, typical",1937.042,1355.93,4742,450,1,0.591513707,2387.042,1,0.496617039
"Male-headed, typical",1814.957,544.4871,4742,450,1,0.617259173,2264.957,1,0.522362505
"Male-headed, typical",1766.887,706.7547,4742,450,1,0.627396246,2216.887,1,0.532499578
"Male-headed, typical",247.9642,74.38926,4742,450,1,0.947708941,697.9642,1,0.852812273
"Male-headed, typical",861.5629,430.7815,4742,450,1,0.818312337,1311.5629,1,0.723415668
"Male-headed, typical",4586.918,2293.459,4742,450,1,0.032703922,5036.918,0,0
"Male-headed, typical",776.6426,349.4892,4742,450,1,0.836220456,1226.6426,1,0.741323787
"Male-headed, typical",2084.503,1250.702,4742,450,1,0.560416913,2534.503,1,0.465520245
"Male-headed, typical",1492.85,1343.565,4742,450,1,0.685185576,1942.85,1,0.590288908
"Male-headed, typical",3933.809,786.7617,4742,450,1,0.170432518,4383.809,1,0.07553585
"Male-headed, typical",1555.531,1166.648,4742,450,1,0.671967313,2005.531,1,0.577070645
"Male-headed, typical",3040.768,2888.73,4742,450,1,0.35875833,3490.768,1,0.263861662
"Male-headed, typical",229.2499,137.55,4742,450,1,0.951655441,679.2499,1,0.856758773
"Male-headed, typical",90.06244,54.03746,4742,450,1,0.981007499,540.06244,1,0.886110831
"Male-headed, typical",3403.635,1021.091,4742,450,1,0.282236398,3853.635,1,0.18733973
"Male-headed, typical",1535.607,614.2428,4742,450,1,0.676168916,1985.607,1,0.581272248
"Male-headed, typical",2973.231,1783.939,4742,450,1,0.373000633,3423.231,1,0.278103965
"Male-headed, typical",1238.885,929.1641,4742,450,1,0.738742092,1688.885,1,0.643845424
"Male-headed, typical",365.893,219.5358,4742,450,1,0.922839941,815.893,1,0.827943273
"Male-headed, typical",996.3714,298.9114,4742,450,1,0.78988372,1446.3714,1,0.694987052
"Male-headed, typical",1948.959,1364.271,4742,450,1,0.589000633,2398.959,1,0.494103965
"Male-headed, typical",10388.03,7271.621,4742,450,0,0,10838.03,0,0
"Male-headed, typical",381.3034,343.1731,4742,450,1,0.919590173,831.3034,1,0.824693505
"Male-headed, typical",501.0749,350.7524,4742,450,1,0.894332581,951.0749,1,0.799435913
"Male-headed, typical",837.824,544.5856,4742,450,1,0.823318431,1287.824,1,0.728421763
"Male-headed, typical",729.4559,510.6191,4742,450,1,0.846171257,1179.4559,1,0.751274589
"Male-headed, typical",888.4604,177.6921,4742,450,1,0.812640152,1338.4604,1,0.717743484
"Male-headed, typical",1921.537,1345.076,4742,450,1,0.594783425,2371.537,1,0.499886757
"Male-headed, typical",1857.767,928.8833,4742,450,1,0.608231337,2307.767,1,0.513334669
"Male-headed, typical",1718.658,601.5305,4742,450,1,0.637566849,2168.658,1,0.542670181
"Male-headed, typical",338.4166,304.5749,4742,450,1,0.928634205,788.4166,1,0.833737537
"Male-headed, typical",953.5118,667.4583,4742,450,1,0.798922016,1403.5118,1,0.704025348
"Male-headed, typical",1934.722,773.889,4742,450,1,0.592002952,2384.722,1,0.497106284
"Male-headed, typical",1253.795,1003.036,4742,450,1,0.735597849,1703.795,1,0.640701181
"Male-headed, typical",1815.678,1543.327,4742,450,1,0.617107128,2265.678,1,0.52221046
"Male-headed, typical",10148.22,3551.877,4742,450,0,0,10598.22,0,0
"Male-headed, typical",2233.001,1563.101,4742,450,1,0.529101434,2683.001,1,0.434204766
"Male-headed, typical",3114,1401.3,4742,450,1,0.343315057,3564,1,0.248418389
"Male-headed, typical",286.8994,169.2707,4742,450,1,0.939498229,736.8994,1,0.844601561
"Male-headed, typical",3223.11,1772.71,4742,450,1,0.320305778,3673.11,1,0.22540911
"Male-headed, typical",2390.026,1673.018,4742,450,1,0.495987769,2840.026,1,0.401091101
"Male-headed, typical",298.1951,89.45852,4742,450,1,0.937116175,748.1951,1,0.842219507
"Male-headed, typical",781.0022,468.6013,4742,450,1,0.835301097,1231.0022,1,0.740404429
"Male-headed, typical",2461.552,1107.698,4742,450,1,0.48090426,2911.552,1,0.386007592
"Male-headed, typical",2877.321,1150.928,4742,450,1,0.393226276,3327.321,1,0.298329608
"Male-headed, typical",387.0347,154.8139,4742,450,1,0.918381548,837.0347,1,0.82348488
"Male-headed, typical",315.8034,31.58034,4742,450,1,0.93340291,765.8034,1,0.838506242
"Male-headed, typical",2099.662,1049.831,4742,450,1,0.55722016,2549.662,1,0.462323492
"Male-headed, typical",1247.775,623.8873,4742,450,1,0.736867356,1697.775,1,0.641970687
"Male-headed, typical",804.1916,562.9341,4742,450,1,0.830410881,1254.1916,1,0.735514213
"Male-headed, typical",4126.499,2063.25,4742,450,1,0.129797765,4576.499,1,0.034901097
"Male-headed, typical",2152.568,1076.284,4742,450,1,0.546063264,2602.568,1,0.451166596
"Male-headed, typical",4171.413,2085.707,4742,450,1,0.120326234,4621.413,1,0.025429566
"Male-headed, typical",1834.815,1834.815,4742,450,1,0.613071489,2284.815,1,0.518174821
"Male-headed, typical",2512.392,1256.196,4742,450,1,0.470183045,2962.392,1,0.375286377
"Male-headed, typical",189.482,113.6892,4742,450,1,0.960041755,639.482,1,0.865145086
"Male-headed, typical",4785.02,1914.008,4742,450,0,0,5235.02,0,0
"Male-headed, typical",3299.796,1979.877,4742,450,1,0.304134121,3749.796,1,0.209237453
"Male-headed, typical",1136.893,682.1357,4742,450,1,0.760250316,1586.893,1,0.665353648
"Male-headed, typical",2781.878,1390.939,4742,450,1,0.413353437,3231.878,1,0.318456769
"Male-headed, typical",2088.981,1253.389,4742,450,1,0.559472585,2538.981,1,0.464575917
"Male-headed, typical",2891.935,1735.161,4742,450,1,0.390144454,3341.935,1,0.295247786
"Male-headed, typical",2617.379,1308.69,4742,450,1,0.448043231,3067.379,1,0.353146563
"Male-headed, typical",498.3479,249.174,4742,450,1,0.894907655,948.3479,1,0.800010987
"Male-headed, typical",943.7045,839.897,4742,450,1,0.800990194,1393.7045,1,0.706093526
"Male-headed, typical",674.9774,674.9774,4742,450,1,0.857659764,1124.9774,1,0.762763096
"Male-headed, typical",341.0676,170.5338,4742,450,1,0.928075158,791.0676,1,0.83317849
"Male-headed, typical",918.1226,688.592,4742,450,1,0.806384943,1368.1226,1,0.711488275
"Male-headed, typical",5614.284,2526.428,4742,450,0,0,6064.284,0,0
"Male-headed, typical",8095.097,3238.039,4742,450,0,0,8545.097,0,0
"Male-headed, typical",3061.63,1836.978,4742,450,1,0.35435892,3511.63,1,0.259462252
"Male-headed, typical",3801.673,1330.585,4742,450,1,0.198297554,4251.673,1,0.103400886
"Male-headed, typical",1450.591,870.3544,4742,450,1,0.694097216,1900.591,1,0.599200548
"Male-headed, typical",939.8913,563.9348,4742,450,1,0.801794327,1389.8913,1,0.706897659
"Male-headed, typical",1445.778,867.467,4742,450,1,0.695112189,1895.778,1,0.600215521
"Male-headed, typical",3054.681,1680.075,4742,450,1,0.355824336,3504.681,1,0.260927668
"Male-headed, typical",901.6541,450.827,4742,450,1,0.809857845,1351.6541,1,0.714961177
"Male-headed, typical",1950.403,975.2013,4742,450,1,0.58869612,2400.403,1,0.493799452
"Male-headed, typical",4578.689,2289.345,4742,450,1,0.034439266,5028.689,0,0
"Male-headed, typical",603.1345,422.1942,4742,450,1,0.872810101,1053.1345,1,0.777913433
"Male-headed, typical",970.5337,863.775,4742,450,1,0.795332412,1420.5337,1,0.700435744
"Male-headed, typical",993.7283,496.8642,4742,450,1,0.790441101,1443.7283,1,0.695544433
"Male-headed, typical",620.9739,465.7304,4742,450,1,0.869048102,1070.9739,1,0.774151434
"Male-headed, typical",1181.691,827.1837,4742,450,1,0.750803248,1631.691,1,0.65590658
"Male-headed, typical",1848.631,1016.747,4742,450,1,0.61015795,2298.631,1,0.515261282
"Male-headed, typical",1268.857,761.3143,4742,450,1,0.732421552,1718.857,1,0.637524884
"Male-headed, typical",2004.861,1002.43,4742,450,1,0.577211936,2454.861,1,0.482315268
"Male-headed, typical",1210.346,363.1038,4742,450,1,0.744760439,1660.346,1,0.649863771
"Male-headed, typical",1253.99,438.8967,4742,450,1,0.735556727,1703.99,1,0.640660059
"Male-headed, typical",9055.359,6791.52,4742,450,0,0,9505.359,0,0
"Male-headed, typical",1855.842,1484.673,4742,450,1,0.608637284,2305.842,1,0.513740616
"Male-headed, typical",5388.51,2694.255,4742,450,0,0,5838.51,0,0
"Male-headed, typical",1160.52,696.312,4742,450,1,0.755267819,1610.52,1,0.660371151
"Male-headed, typical",1256.775,1256.775,4742,450,1,0.734969422,1706.775,1,0.640072754
"Male-headed, typical",1186.724,712.0345,4742,450,1,0.749741881,1636.724,1,0.654845213
"Male-headed, typical",2936.739,1762.043,4742,450,1,0.38069612,3386.739,1,0.285799452
"Male-headed, typical",1583.228,791.6141,4742,450,1,0.666126529,2033.228,1,0.571229861
"Male-headed, typical",1728.077,864.0383,4742,450,1,0.635580557,2178.077,1,0.540683889
"Male-headed, typical",2196.806,1537.764,4742,450,1,0.536734289,2646.806,1,0.441837621
"Male-headed, typical",4846.999,1454.1,4742,450,0,0,5296.999,0,0
"Male-headed, typical",1878.831,1503.065,4742,450,1,0.603789329,2328.831,1,0.508892661
"Male-headed, typical",513.2758,282.3017,4742,450,1,0.891759637,963.2758,1,0.796862969
"Male-headed, typical",4374.463,1312.339,4742,450,1,0.077506748,4824.463,0,0
"Male-headed, typical",1229.766,922.3249,4742,450,1,0.74066512,1679.766,1,0.645768452
"Male-headed, typical",4512.013,3384.01,4742,450,1,0.0485,4962.013,0,0
"Male-headed, typical",3984.105,1992.052,4742,450,1,0.159826023,4434.105,1,0.064929355
"Male-headed, typical",4148.651,1037.163,4742,450,1,0.125126318,4598.651,1,0.03022965
"Male-headed, typical",703.54,562.832,4742,450,1,0.85163644,1153.54,1,0.756739772
"Male-headed, typical",1363.387,681.6935,4742,450,1,0.712486925,1813.387,1,0.617590257
"Male-headed, typical",8760.741,4380.371,4742,450,0,0,9210.741,0,0
"Male-headed, typical",1789.553,1789.553,4742,450,1,0.622616407,2239.553,1,0.527719739
"Male-headed, typical",2034.242,1220.545,4742,450,1,0.571016027,2484.242,1,0.476119359
"Male-headed, typical",1606.959,1124.872,4742,450,1,0.6611221,2056.959,1,0.566225432
"Male-headed, typical",2580.524,1935.393,4742,450,1,0.455815268,3030.524,1,0.3609186
"Male-headed, typical",2612.102,2350.892,4742,450,1,0.449156052,3062.102,1,0.354259384
"Male-headed, typical",822.6184,822.6184,4742,450,1,0.826525011,1272.6184,1,0.731628342
"Male-headed, typical",997.8563,498.9281,4742,450,1,0.789570582,1447.8563,1,0.694673914
"Male-headed, typical",1519.336,911.6019,4742,450,1,0.679600169,1969.336,1,0.584703501
"Male-headed, typical",3993.67,1996.835,4742,450,1,0.157808941,4443.67,1,0.062912273
"Male-headed, typical",1143.135,342.9406,4742,450,1,0.758933994,1593.135,1,0.664037326
"Male-headed, typical",1222.23,1222.23,4742,450,1,0.742254323,1672.23,1,0.647357655
"Male-headed, typical",1987.309,993.6545,4742,450,1,0.580913328,2437.309,1,0.48601666
"Male-headed, typical",1740.428,1305.321,4742,450,1,0.63297596,2190.428,1,0.538079291
"Male-headed, typical",1426.94,570.7759,4742,450,1,0.699084774,1876.94,1,0.604188106
"Male-headed, typical",1362.16,1334.916,4742,450,1,0.712745677,1812.16,1,0.617849009
"Male-headed, typical",2525.492,757.6476,4742,450,1,0.467420498,2975.492,1,0.37252383
"Male-headed, typical",3412.683,2388.878,4742,450,1,0.280328342,3862.683,1,0.185431674
"Male-headed, typical",873.325,523.9951,4742,450,1,0.815831927,1323.325,1,0.720935259
"Male-headed, typical",975.014,292.5042,4742,450,1,0.7943876,1425.014,1,0.699490932
"Male-headed, typical",6104.598,915.6898,4742,450,0,0,6554.598,0,0
"Male-headed, typical",697.9576,383.8767,4742,450,1,0.852813665,1147.9576,1,0.757916997
"Male-headed, typical",798.9127,399.4563,4742,450,1,0.831524104,1248.9127,1,0.736627436
"Male-headed, typical",816.2306,530.5499,4742,450,1,0.827872079,1266.2306,1,0.732975411
"Male-headed, typical",921.5781,552.9469,4742,450,1,0.805656242,1371.5781,1,0.710759574
"Male-headed, typical",1596.422,798.2108,4742,450,1,0.663344159,2046.422,1,0.568447491
"Male-headed, typical",1652.204,1156.542,4742,450,1,0.651580768,2102.204,1,0.5566841
"Male-headed, typical",1827.453,1407.139,4742,450,1,0.614623998,2277.453,1,0.51972733
"Male-headed, typical",2948.234,1768.941,4742,450,1,0.378272037,3398.234,1,0.283375369
"Male-headed, typical",264.3391,79.30175,4742,450,1,0.944255778,714.3391,1,0.84935911
"Male-headed, typical",678.2056,508.6542,4742,450,1,0.856978996,1128.2056,1,0.762082328
"Male-headed, typical",1894.821,852.6694,4742,450,1,0.600417334,2344.821,1,0.505520666
"Male-headed, typical",1069.677,962.7094,4742,450,1,0.774424926,1519.677,1,0.679528258
"Male-headed, typical",1136.893,568.4463,4742,450,1,0.760250316,1586.893,1,0.665353648
"Male-headed, typical",1184.388,947.5107,4742,450,1,0.7502345,1634.388,1,0.655337832
"Male-headed, typical",3115.928,1713.76,4742,450,1,0.342908477,3565.928,1,0.248011809
"Male-headed, typical",2326.419,930.5677,4742,450,1,0.509401307,2776.419,1,0.414504639
"Male-headed, typical",3761.57,1128.471,4742,450,1,0.206754534,4211.57,1,0.111857866
"Male-headed, typical",329.1374,329.1374,4742,450,1,0.930591016,779.1374,1,0.835694348
"Male-headed, typical",2558.476,1535.086,4742,450,1,0.460464783,3008.476,1,0.365568115
"Male-headed, typical",4830.156,724.5234,4742,450,0,0,5280.156,0,0
"Male-headed, typical",4694.945,1877.978,4742,450,1,0.009923028,5144.945,0,0
"Male-headed, typical",2721.925,1633.155,4742,450,1,0.425996415,3171.925,1,0.331099747
"Male-headed, typical",1114.435,891.5484,4742,450,1,0.764986293,1564.435,1,0.670089625
"Male-headed, typical",3703.425,2777.569,4742,450,1,0.219016238,4153.425,1,0.12411957
"Male-headed, typical",3804.827,2853.62,4742,450,1,0.197632434,4254.827,1,0.102735765
"Male-headed, typical",1143.443,686.0656,4742,450,1,0.758869043,1593.443,1,0.663972375
"Male-headed, typical",1625.983,1056.889,4742,450,1,0.657110291,2075.983,1,0.562213623
"Male-headed, typical",274.2578,274.2578,4742,450,1,0.942164108,724.2578,1,0.84726744
"Male-headed, typical",419.2534,314.44,4742,450,1,0.911587221,869.2534,1,0.816690553
"Male-headed, typical",1374.096,412.2288,4742,450,1,0.710228596,1824.096,1,0.615331927
"Male-headed, typical",1649.276,824.6381,4742,450,1,0.652198229,2099.276,1,0.557301561
"Male-headed, typical",3979.726,3382.767,4742,450,1,0.160749473,4429.726,1,0.065852805
"Male-headed, typical",4843.4,3148.21,4742,450,0,0,5293.4,0,0
"Male-headed, typical",2575.553,257.5553,4742,450,1,0.45686356,3025.553,1,0.361966892
"Male-headed, typical",703.61,351.805,4742,450,1,0.851621679,1153.61,1,0.756725011
"Male-headed, typical",260.9765,78.29295,4742,450,1,0.944964888,710.9765,1,0.85006822
"Male-headed, typical",400.118,320.0944,4742,450,1,0.915622522,850.118,1,0.820725854
"Male-headed, typical",1754.865,1228.405,4742,450,1,0.629931464,2204.865,1,0.535034795
"Male-headed, typical",1383.482,830.0892,4742,450,1,0.708249262,1833.482,1,0.613352594
"Male-headed, typical",2966.548,593.3096,4742,450,1,0.374409954,3416.548,1,0.279513286
"Male-headed, typical",727.5096,654.7587,4742,450,1,0.846581695,1177.5096,1,0.751685027
"Male-headed, typical",6372.213,2548.885,4742,450,0,0,6822.213,0,0
"Male-headed, typical",1248.009,748.8052,4742,450,1,0.736818009,1698.009,1,0.641921341
"Male-headed, typical",1899.032,949.5159,4742,450,1,0.599529313,2349.032,1,0.504632644
"Male-headed, typical",4012.81,1203.843,4742,450,1,0.15377267,4462.81,1,0.058876002
"Male-headed, typical",1624.383,649.7532,4742,450,1,0.657447701,2074.383,1,0.562551033
"Male-headed, typical",1791.892,1075.135,4742,450,1,0.622123155,2241.892,1,0.527226487
"Male-headed, typical",2254.937,789.228,4742,450,1,0.524475538,2704.937,1,0.42957887
"Male-headed, typical",3371.836,2360.285,4742,450,1,0.288942218,3821.836,1,0.19404555
"Male-headed, typical",852.1682,298.2589,4742,450,1,0.820293505,1302.1682,1,0.725396837
"Male-headed, typical",2014.125,805.6498,4742,450,1,0.57525833,2464.125,1,0.480361662
"Male-headed, typical",1077.241,861.7927,4742,450,1,0.772829819,1527.241,1,0.677933151
"Male-headed, typical",714.764,393.1202,4742,450,1,0.849269507,1164.764,1,0.754372838
"Male-headed, typical",945.6951,425.5628,4742,450,1,0.800570413,1395.6951,1,0.705673745
"Male-headed, typical",1107.418,442.967,4742,450,1,0.766466048,1557.418,1,0.67156938
"Male-headed, typical",2904.456,2178.342,4742,450,1,0.387504007,3354.456,1,0.292607339
"Male-headed, typical",2126.41,850.5641,4742,450,1,0.551579502,2576.41,1,0.456682834
"Male-headed, typical",2086.926,1669.541,4742,450,1,0.559905947,2536.926,1,0.465009279
"Male-headed, typical",1561.268,936.7607,4742,450,1,0.670757486,2011.268,1,0.575860818
"Male-headed, typical",2491.539,1744.077,4742,450,1,0.474580557,2941.539,1,0.379683889
"Male-headed, typical",2975.196,2231.397,4742,450,1,0.372586251,3425.196,1,0.277689582
"Male-headed, typical",1688.296,1181.807,4742,450,1,0.643969633,2138.296,1,0.549072965
"Male-headed, typical",1632.153,244.8229,4742,450,1,0.655809152,2082.153,1,0.560912484
"Male-headed, typical",2721.645,1360.822,4742,450,1,0.426055462,3171.645,1,0.331158794
"Male-headed, typical",1275.188,828.8725,4742,450,1,0.731086461,1725.188,1,0.636189793
"Male-headed, typical",2767.842,1383.921,4742,450,1,0.41631337,3217.842,1,0.321416702
"Male-headed, typical",1322.164,330.541,4742,450,1,0.721180093,1772.164,1,0.626283425
"Male-headed, typical",1205.776,783.7541,4742,450,1,0.745724167,1655.776,1,0.650827499
"Male-headed, typical",329.8149,49.47224,4742,450,1,0.930448144,779.8149,1,0.835551476
"Male-headed, typical",1907.024,667.4583,4742,450,1,0.597843948,2357.024,1,0.50294728
"Male-headed, typical",736.8748,515.8124,4742,450,1,0.844606748,1186.8748,1,0.74971008
"Male-headed, typical",2412.383,1206.191,4742,450,1,0.491273092,2862.383,1,0.396376423
"Male-headed, typical",7945.358,4767.215,4742,450,0,0,8395.358,0,0
"Male-headed, typical",1144.753,572.3763,4742,450,1,0.758592788,1594.753,1,0.66369612
"Male-headed, typical",1705.039,1278.779,4742,450,1,0.640438844,2155.039,1,0.545542176
"Male-headed, typical",7436.119,1487.224,4742,450,0,0,7886.119,0,0
"Male-headed, typical",2620.668,1834.468,4742,450,1,0.447349642,3070.668,1,0.352452973
"Male-headed, typical",8742.376,2622.713,4742,450,0,0,9192.376,0,0
"Male-headed, typical",586.9479,322.8214,4742,450,1,0.876223555,1036.9479,1,0.781326887
"Male-headed, typical",1532.537,1532.537,4742,450,1,0.676816322,1982.537,1,0.581919654
"Male-headed, typical",2484.936,1863.702,4742,450,1,0.475973007,2934.936,1,0.381076339
"Male-headed, typical",2544.674,1526.805,4742,450,1,0.463375369,2994.674,1,0.368478701
"Male-headed, typical",2368.476,947.3905,4742,450,1,0.500532265,2818.476,1,0.405635597
"Male-headed, typical",10451.33,6270.795,4742,450,0,0,10901.33,0,0
"Male-headed, typical",2250.205,1125.103,4742,450,1,0.525473429,2700.205,1,0.430576761
"Male-headed, typical",4305.755,3659.892,4742,450,1,0.091995993,4755.755,0,0
"Male-headed, typical",835.7458,585.0221,4742,450,1,0.823756685,1285.7458,1,0.728860017
"Male-headed, typical",852.8609,469.0735,4742,450,1,0.820147427,1302.8609,1,0.725250759
"Male-headed, typical",3956.75,2571.887,4742,450,1,0.165594686,4406.75,1,0.070698018
"Male-headed, typical",1025.687,666.6962,4742,450,1,0.783701603,1475.687,1,0.688804935
"Male-headed, typical",3947.297,592.0945,4742,450,1,0.167588148,4397.297,1,0.07269148
"Male-headed, typical",478.9884,287.393,4742,450,1,0.898990215,928.9884,1,0.804093547
"Male-headed, typical",1399.878,1329.884,4742,450,1,0.704791649,1849.878,1,0.609894981
"Male-headed, typical",4117.593,3499.954,4742,450,1,0.131675875,4567.593,1,0.036779207
"Male-headed, typical",5143.487,1800.22,4742,450,0,0,5593.487,0,0
"Male-headed, typical",2011.919,1408.343,4742,450,1,0.575723534,2461.919,1,0.480826866
"Male-headed, typical",851.6265,596.1385,4742,450,1,0.820407739,1301.6265,1,0.725511071
"Male-headed, typical",5056.311,3286.602,4742,450,0,0,5506.311,0,0
"Male-headed, typical",2426.789,1698.753,4742,450,1,0.488235133,2876.789,1,0.393338465
"Male-headed, typical",3114.94,2180.458,4742,450,1,0.343116828,3564.94,1,0.24822016
"Male-headed, typical",3321.241,1660.62,4742,450,1,0.299611767,3771.241,1,0.204715099
"Male-headed, typical",1450.908,1305.818,4742,450,1,0.694030367,1900.908,1,0.599133699
"Male-headed, typical",1552.063,1086.444,4742,450,1,0.67269865,2002.063,1,0.577801982
"Male-headed, typical",3828.474,2297.084,4742,450,1,0.192645719,4278.474,1,0.097749051
"Male-headed, typical",907.1922,635.0345,4742,450,1,0.808689962,1357.1922,1,0.713793294
"Male-headed, typical",2824.92,1694.952,4742,450,1,0.404276677,3274.92,1,0.309380008
"Male-headed, typical",693.0132,554.4106,4742,450,1,0.853856348,1143.0132,1,0.758959679
"Male-headed, typical",1823.808,1641.427,4742,450,1,0.615392661,2273.808,1,0.520495993
"Male-headed, typical",2911.782,2183.836,4742,450,1,0.385959089,3361.782,1,0.291062421
"Male-headed, typical",3044.724,1826.835,4742,450,1,0.357924083,3494.724,1,0.263027415
"Male-headed, typical",4380.545,1752.218,4742,450,1,0.076224167,4830.545,0,0
"Male-headed, typical",877.5827,702.0662,4742,450,1,0.814934057,1327.5827,1,0.720037389
"Male-headed, typical",2452.74,1471.644,4742,450,1,0.482762547,2902.74,1,0.387865879
"Male-headed, typical",4415.292,4415.292,4742,450,1,0.068896668,4865.292,0,0
"Male-headed, typical",1522.909,1142.182,4742,450,1,0.678846689,1972.909,1,0.583950021
"Male-headed, typical",5725.634,1717.69,4742,450,0,0,6175.634,0,0
"Male-headed, typical",513.78,359.646,4742,450,1,0.891653311,963.78,1,0.796756643
"Male-headed, typical",311.3769,202.395,4742,450,1,0.934336377,761.3769,1,0.839439709
"Male-headed, typical",3049.83,609.9661,4742,450,1,0.356847322,3499.83,1,0.261950654
"Male-headed, typical",309.5877,216.7114,4742,450,1,0.934713686,759.5877,1,0.839817018
"Male-headed, typical",853.9327,640.4495,4742,450,1,0.819921404,1303.9327,1,0.725024736
"Male-headed, typical",308.3208,215.8246,4742,450,1,0.934980852,758.3208,1,0.840084184
"Male-headed, typical",3607.328,2885.862,4742,450,1,0.239281316,4057.328,1,0.144384648
"Male-headed, typical",1922.07,1729.863,4742,450,1,0.594671025,2372.07,1,0.499774357
"Male-headed, typical",2819.574,2255.659,4742,450,1,0.405404049,3269.574,1,0.310507381
"Male-headed, typical",6675.95,4005.57,4742,450,0,0,7125.95,0,0
"Male-headed, typical",1200.82,960.6561,4742,450,1,0.746769296,1650.82,1,0.651872628
"Male-headed, typical",2815.564,1407.782,4742,450,1,0.406249684,3265.564,1,0.311353016
"Male-headed, typical",2289.505,1144.753,4742,450,1,0.517185787,2739.505,1,0.422289119
"Male-headed, typical",1610.925,1208.194,4742,450,1,0.660285744,2060.925,1,0.565389076
"Male-headed, typical",2746.521,1647.913,4742,450,1,0.420809574,3196.521,1,0.325912906
"Male-headed, typical",3153.343,2207.34,4742,450,1,0.335018347,3603.343,1,0.240121679
"Male-headed, typical",913.06,867.407,4742,450,1,0.807452552,1363.06,1,0.712555884
"Male-headed, typical",1476.381,1033.467,4742,450,1,0.688658583,1926.381,1,0.593761915
"Male-headed, typical",6206.707,3103.353,4742,450,0,0,6656.707,0,0
"Male-headed, typical",930.5494,651.3846,4742,450,1,0.803764361,1380.5494,1,0.708867693
"Male-headed, typical",963.3009,770.6407,4742,450,1,0.796857676,1413.3009,1,0.701961008
"Male-headed, typical",3410.621,2728.497,4742,450,1,0.28076318,3860.621,1,0.185866512
"Male-headed, typical",1313.494,788.0964,4742,450,1,0.723008435,1763.494,1,0.628111767
"Male-headed, typical",1762.272,881.136,4742,450,1,0.628369464,2212.272,1,0.533472796
"Male-headed, typical",1046.262,732.3834,4742,450,1,0.779362716,1496.262,1,0.684466048
"Male-headed, typical",5333.196,3999.897,4742,450,0,0,5783.196,0,0
"Male-headed, typical",1625.036,487.5109,4742,450,1,0.657309996,2075.036,1,0.562413328
"Male-headed, typical",3152.707,2522.165,4742,450,1,0.335152467,3602.707,1,0.240255799
"Male-headed, typical",631.6815,505.3452,4742,450,1,0.866790067,1081.6815,1,0.771893399
"Male-headed, typical",868.4866,564.5163,4742,450,1,0.816852256,1318.4866,1,0.721955588
"Male-headed, typical",1677.429,838.7145,4742,450,1,0.646261282,2127.429,1,0.551364614
"Male-headed, typical",1949.41,1559.528,4742,450,1,0.588905525,2399.41,1,0.494008857
"Male-headed, typical",5764.466,4611.573,4742,450,0,0,6214.466,0,0
"Male-headed, typical",340.0749,255.0562,4742,450,1,0.9282845,790.0749,1,0.833387832
"Male-headed, typical",6402.003,3201.002,4742,450,0,0,6852.003,0,0
"Male-headed, typical",132.3367,46.31784,4742,450,1,0.97209264,582.3367,1,0.877195972
"Male-headed, typical",1360.725,1292.689,4742,450,1,0.713048292,1810.725,1,0.618151624
"Male-headed, typical",569.1697,455.3358,4742,450,1,0.879972649,1019.1697,1,0.785075981
"Male-headed, typical",843.6061,590.5243,4742,450,1,0.822099093,1293.6061,1,0.727202425
"Male-headed, typical",2319.988,1623.992,4742,450,1,0.510757486,2769.988,1,0.415860818
"Male-headed, typical",3364.24,1682.12,4742,450,1,0.290544074,3814.24,1,0.195647406
"Male-headed, typical",2154.59,1400.483,4742,450,1,0.545636862,2604.59,1,0.450740194
"Male-headed, typical",6981.628,3839.895,4742,450,0,0,7431.628,0,0
"Male-headed, typical",1056.689,739.6819,4742,450,1,0.777163855,1506.689,1,0.682267187
"Male-headed, typical",1886.639,1131.984,4742,450,1,0.602142767,2336.639,1,0.507246099
"Male-headed, typical",1553.305,931.9828,4742,450,1,0.672436736,2003.305,1,0.577540067
"Male-headed, typical",3784.027,1513.611,4742,450,1,0.202018768,4234.027,1,0.1071221
"Male-headed, typical",1061.997,530.9987,4742,450,1,0.776044496,1511.997,1,0.681147828
"Male-headed, typical",3728.241,3355.417,4742,450,1,0.213783003,4178.241,1,0.118886335
"Male-headed, typical",246.2771,197.0217,4742,450,1,0.94806472,696.2771,1,0.853168051
"Male-headed, typical",626.8633,438.8043,4742,450,1,0.867806137,1076.8633,1,0.772909469
"Male-headed, typical",1340.823,1139.7,4742,450,1,0.717245255,1790.823,1,0.622348587
"Male-headed, typical",1009.368,706.5576,4742,450,1,0.787142978,1459.368,1,0.69224631
"Male-headed, typical",2827.341,848.2023,4742,450,1,0.403766132,3277.341,1,0.308869464
"Male-headed, typical",1528.021,458.4063,4742,450,1,0.677768663,1978.021,1,0.582871995
"Male-headed, typical",1706.595,1109.287,4742,450,1,0.640110713,2156.595,1,0.545214045
"Male-headed, typical",1549.231,1394.307,4742,450,1,0.673295867,1999.231,1,0.578399199
"Male-headed, typical",1909.792,1718.813,4742,450,1,0.597260228,2359.792,1,0.50236356
"Male-headed, typical",1063.275,637.9647,4742,450,1,0.775774989,1513.275,1,0.680878321
"Male-headed, typical",1363.569,1090.855,4742,450,1,0.712448545,1813.569,1,0.617551877
"Male-headed, typical",1595.852,1276.681,4742,450,1,0.663464361,2045.852,1,0.568567693
"Male-headed, typical",1831.66,1098.996,4742,450,1,0.61373682,2281.66,1,0.518840152
"Male-headed, typical",2458.094,1474.856,4742,450,1,0.481633488,2908.094,1,0.38673682
"Male-headed, typical",8869.772,5321.864,4742,450,0,0,9319.772,0,0
"Male-headed, typical",896.9245,538.1547,4742,450,1,0.81085523,1346.9245,1,0.715958562
"Male-headed, typical",1078.971,971.0737,4742,450,1,0.772464994,1528.971,1,0.677568326
"Male-headed, typical",6574.327,328.7163,4742,450,0,0,7024.327,0,0
"Male-headed, typical",470.6311,282.3787,4742,450,1,0.900752615,920.6311,1,0.805855947
"Male-headed, typical",677.7348,474.4144,4742,450,1,0.857078279,1127.7348,1,0.762181611
"Male-headed, typical",5035.462,4028.369,4742,450,0,0,5485.462,0,0
"Male-headed, typical",210.9603,210.9603,4742,450,1,0.955512379,660.9603,1,0.860615711
"Male-headed, typical",4130.208,1652.083,4742,450,1,0.129015605,4580.208,1,0.034118937
"Male-headed, typical",4947.289,2968.374,4742,450,0,0,5397.289,0,0
"Male-headed, typical",2238.696,895.4783,4742,450,1,0.527900464,2688.696,1,0.433003796
"Male-headed, typical",5312.85,1593.855,4742,450,0,0,5762.85,0,0
"Male-headed, typical",381.7713,324.5056,4742,450,1,0.919491501,831.7713,1,0.824594833
"Male-headed, typical",1300.839,780.5035,4742,450,1,0.72567714,1750.839,1,0.630780472
"Male-headed, typical",676.0461,473.2323,4742,450,1,0.857434395,1126.0461,1,0.762537727
"Male-headed, typical",3298.392,1979.035,4742,450,1,0.304430198,3748.392,1,0.20953353
"Male-headed, typical",2904.103,2323.282,4742,450,1,0.387578448,3354.103,1,0.29268178
"Male-headed, typical",2486.824,1616.436,4742,450,1,0.475574863,2936.824,1,0.380678195
"Male-headed, typical",2991.21,1495.605,4742,450,1,0.369209194,3441.21,1,0.274312526
"Male-headed, typical",2492.341,1744.639,4742,450,1,0.47441143,2942.341,1,0.379514762
"Male-headed, typical",5880.522,3234.287,4742,450,0,0,6330.522,0,0
"Male-headed, typical",709.3645,709.3645,4742,450,1,0.850408161,1159.3645,1,0.755511493
"Male-headed, typical",1555.566,777.7832,4742,450,1,0.671959933,2005.566,1,0.577063264
"Male-headed, typical",1477.812,886.6869,4742,450,1,0.688356811,1927.812,1,0.593460143
"Male-headed, typical",1033.903,827.1226,4742,450,1,0.781969,1483.903,1,0.687072332
"Male-headed, typical",6113.359,4890.687,4742,450,0,0,6563.359,0,0
"Male-headed, typical",1613.22,1290.576,4742,450,1,0.659801771,2063.22,1,0.564905103
"Male-headed, typical",2177.013,1741.611,4742,450,1,0.540908267,2627.013,1,0.446011598
"Male-headed, typical",3336.047,2668.837,4742,450,1,0.296489456,3786.047,1,0.201592788
"Male-headed, typical",3539.756,2831.805,4742,450,1,0.253531,3989.756,1,0.158634332
"Male-headed, typical",1321.462,528.5848,4742,450,1,0.721328132,1771.462,1,0.626431464
"Male-headed, typical",2717.915,1630.749,4742,450,1,0.42684205,3167.915,1,0.331945382
"Male-headed, typical",2853.928,1712.357,4742,450,1,0.398159426,3303.928,1,0.303262758
"Male-headed, typical",1636.564,818.282,4742,450,1,0.654878954,2086.564,1,0.559982286
"Male-headed, typical",905.7191,634.0034,4742,450,1,0.809000612,1355.7191,1,0.714103943
"Male-headed, typical",1906.191,1143.715,4742,450,1,0.598019612,2356.191,1,0.503122944
"Male-headed, typical",4789.674,2873.804,4742,450,0,0,5239.674,0,0
"Male-headed, typical",1062.928,1062.928,4742,450,1,0.775848165,1512.928,1,0.680951497
"Male-headed, typical",7222.907,5778.326,4742,450,0,0,7672.907,0,0
"Male-headed, typical",3774.78,3208.563,4742,450,1,0.20396879,4224.78,1,0.109072121
"Male-headed, typical",702.1865,491.5306,4742,450,1,0.851921868,1152.1865,1,0.7570252
"Male-headed, typical",1939.026,969.5131,4742,450,1,0.591095318,2389.026,1,0.49619865
"Male-headed, typical",2132.371,1492.66,4742,450,1,0.550322438,2582.371,1,0.45542577
"Male-headed, typical",571.2534,457.0027,4742,450,1,0.879533235,1021.2534,1,0.784636567
"Male-headed, typical",906.9941,725.5953,4742,450,1,0.808731738,1356.9941,1,0.71383507
"Male-headed, typical",2485.444,1242.722,4742,450,1,0.475865879,2935.444,1,0.380969211
"Male-headed, typical",424.3918,403.1721,4742,450,1,0.910503627,874.3918,1,0.815606959
"Male-headed, typical",3727.35,2236.41,4742,450,1,0.213970898,4177.35,1,0.11907423
"Male-headed, typical",788.1534,630.5228,4742,450,1,0.833793041,1238.1534,1,0.738896373
"Male-headed, typical",2461.37,1476.822,4742,450,1,0.48094264,2911.37,1,0.386045972
"Male-headed, typical",1695.982,1017.589,4742,450,1,0.642348798,2145.982,1,0.54745213
"Male-headed, typical",1179,943.1998,4742,450,1,0.75137073,1629,1,0.656474062
"Male-headed, typical",1242.16,621.0802,4742,450,1,0.738051455,1692.16,1,0.643154787
"Male-headed, typical",4054.118,3243.295,4742,450,1,0.145061577,4504.118,1,0.050164909
"Male-headed, typical",874.5366,787.083,4742,450,1,0.815576423,1324.5366,1,0.720679755
"Male-headed, typical",2036.974,1629.579,4742,450,1,0.570439899,2486.974,1,0.475543231
"Male-headed, typical",1376.945,550.7782,4742,450,1,0.709627794,1826.945,1,0.614731126
"Male-headed, typical",5110.122,1277.53,4742,450,0,0,5560.122,0,0
"Male-headed, typical",1070.499,749.3496,4742,450,1,0.774251582,1520.499,1,0.679354914
"Male-headed, typical",2447.051,1712.935,4742,450,1,0.483962252,2897.051,1,0.389065584
"Male-headed, typical",910.6317,637.4421,4742,450,1,0.807964635,1360.6317,1,0.713067967
"Male-headed, typical",1834.555,366.9111,4742,450,1,0.613126318,2284.555,1,0.51822965
"Male-headed, typical",1726.205,1294.654,4742,450,1,0.635975327,2176.205,1,0.541078659
"Male-headed, typical",1348.007,1078.406,4742,450,1,0.715730283,1798.007,1,0.620833615
"Male-headed, typical",437.2904,393.5613,4742,450,1,0.907783551,887.2904,1,0.812886883
"Male-headed, typical",1202.452,841.7164,4742,450,1,0.746425137,1652.452,1,0.651528469
"Male-headed, typical",2232.52,2232.52,4742,450,1,0.529202868,2682.52,1,0.4343062
"Male-headed, typical",1538.897,846.3935,4742,450,1,0.675475116,1988.897,1,0.580578448
"Male-headed, typical",1569.995,1098.996,4742,450,1,0.668917124,2019.995,1,0.574020456
"Male-headed, typical",6938.617,3122.378,4742,450,0,0,7388.617,0,0
"Male-headed, typical",2110.169,1477.118,4742,450,1,0.555004429,2560.169,1,0.46010776
"Male-headed, typical",4711.632,2120.235,4742,450,1,0.006404049,5161.632,0,0
"Male-headed, typical",980.1604,588.0963,4742,450,1,0.79330232,1430.1604,1,0.698405652
"Male-headed, typical",2602.221,780.6663,4742,450,1,0.451239772,3052.221,1,0.356343104
"Male-headed, typical",1544.297,926.5779,4742,450,1,0.674336356,1994.297,1,0.579439688
"Male-headed, typical",3301.953,990.5858,4742,450,1,0.303679249,3751.953,1,0.208782581
"Male-headed, typical",3579.106,357.9106,4742,450,1,0.245232813,4029.106,1,0.150336145
"Male-headed, typical",3791.513,2274.908,4742,450,1,0.20044011,4241.513,1,0.105543442
"Male-headed, typical",1277.309,1277.309,4742,450,1,0.730639182,1727.309,1,0.635742514
"Male-headed, typical",2324.214,1394.529,4742,450,1,0.509866301,2774.214,1,0.414969633
"Male-headed, typical",1354.446,948.1123,4742,450,1,0.714372417,1804.446,1,0.619475749
"Male-headed, typical",6644.505,3322.253,4742,450,0,0,7094.505,0,0
"Male-headed, typical",433.4631,260.0779,4742,450,1,0.908590658,883.4631,1,0.81369399
"Male-headed, typical",2999.76,1799.856,4742,450,1,0.367406158,3449.76,1,0.27250949
"Male-headed, typical",2311.723,1155.862,4742,450,1,0.512500422,2761.723,1,0.417603754
"Male-headed, typical",2143.735,1822.175,4742,450,1,0.547925981,2593.735,1,0.453029313
"Male-headed, typical",10815.28,5948.405,4742,450,0,0,11265.28,0,0
"Male-headed, typical",3789.241,2652.469,4742,450,1,0.200919232,4239.241,1,0.106022564
"Male-headed, typical",1820.953,1274.667,4742,450,1,0.615994728,2270.953,1,0.52109806
"Male-headed, typical",1706.486,1365.189,4742,450,1,0.640133699,2156.486,1,0.545237031
"Male-headed, typical",2512.702,1381.986,4742,450,1,0.470117672,2962.702,1,0.375221004
"Male-headed, typical",1234.632,679.0477,4742,450,1,0.739638971,1684.632,1,0.644742303
"Male-headed, typical",522.3331,339.5165,4742,450,1,0.88984962,972.3331,1,0.794952952
"Male-headed, typical",1934.006,1353.804,4742,450,1,0.592153943,2384.006,1,0.497257275
"Male-headed, typical",1284.147,898.9028,4742,450,1,0.729197174,1734.147,1,0.634300506
"Male-headed, typical",4855.718,1213.93,4742,450,0,0,5305.718,0,0
"Male-headed, typical",1775.246,1065.148,4742,450,1,0.625633488,2225.246,1,0.53073682
"Male-headed, typical",6808.535,2042.56,4742,450,0,0,7258.535,0,0
"Male-headed, typical",1452.686,1016.88,4742,450,1,0.69365542,1902.686,1,0.598758752
"Male-headed, typical",1021.176,459.5291,4742,450,1,0.784652889,1471.176,1,0.689756221
"Male-headed, typical",3222.88,1611.44,4742,450,1,0.320354281,3672.88,1,0.225457613
"Male-headed, typical",3156.631,2525.305,4742,450,1,0.334324968,3606.631,1,0.2394283
"Male-headed, typical",3206.285,2244.4,4742,450,1,0.323853859,3656.285,1,0.228957191
"Male-headed, typical",871.8983,435.9492,4742,450,1,0.816132792,1321.8983,1,0.721236124
"Male-headed, typical",5338.248,1601.474,4742,450,0,0,5788.248,0,0
"Male-headed, typical",852.6694,341.0678,4742,450,1,0.820187811,1302.6694,1,0.725291143
"Male-headed, typical",2173.897,1304.339,4742,450,1,0.541565373,2623.897,1,0.446668705
"Male-headed, typical",1260.006,882.004,4742,450,1,0.734288064,1710.006,1,0.639391396
"Male-headed, typical",1206.855,784.4559,4742,450,1,0.745496626,1656.855,1,0.650599958
"Male-headed, typical",1124.962,899.9698,4742,450,1,0.762766343,1574.962,1,0.667869675
"Male-headed, typical",1877.005,750.8021,4742,450,1,0.604174399,2327.005,1,0.509277731
"Male-headed, typical",1425.093,1068.819,4742,450,1,0.699474272,1875.093,1,0.604577604
"Male-headed, typical",888.4605,177.6921,4742,450,1,0.812640131,1338.4605,1,0.717743463
"Male-headed, typical",3633.645,2543.552,4742,450,1,0.233731548,4083.645,1,0.13883488
"Male-headed, typical",2721.374,2177.099,4742,450,1,0.426112611,3171.374,1,0.331215943
"Male-headed, typical",791.614,554.1299,4742,450,1,0.833063264,1241.614,1,0.738166596
"Male-headed, typical",1321.398,726.7691,4742,450,1,0.721341628,1771.398,1,0.62644496
"Male-headed, typical",1137.174,852.8807,4742,450,1,0.760191059,1587.174,1,0.665294391
"Male-headed, typical",580.4587,406.3211,4742,450,1,0.877592008,1030.4587,1,0.78269534
"Male-headed, typical",2795.773,1957.041,4742,450,1,0.410423239,3245.773,1,0.315526571
"Male-headed, typical",3209.366,2246.556,4742,450,1,0.323204133,3659.366,1,0.228307465
"Male-headed, typical",1222.432,1039.067,4742,450,1,0.742211725,1672.432,1,0.647315057
"Male-headed, typical",591.6051,354.9631,4742,450,1,0.875241438,1041.6051,1,0.78034477
"Male-headed, typical",521.0961,312.6577,4742,450,1,0.890110481,971.0961,1,0.795213813
"Male-headed, typical",1176.618,1176.618,4742,450,1,0.751873049,1626.618,1,0.656976381
"Male-headed, typical",3114.323,2491.459,4742,450,1,0.343246942,3564.323,1,0.248350274
"Male-headed, typical",1712.356,513.707,4742,450,1,0.638895825,2162.356,1,0.543999156
"Male-headed, typical",2750.009,2337.507,4742,450,1,0.420074019,3200.009,1,0.325177351
"Male-headed, typical",4621.679,3466.259,4742,450,1,0.025373471,5071.679,0,0
"Male-headed, typical",4902.323,3921.858,4742,450,0,0,5352.323,0,0
"Male-headed, typical",5414.978,2707.489,4742,450,0,0,5864.978,0,0
"Male-headed, typical",4263.476,2984.433,4742,450,1,0.100911852,4713.476,1,0.006015183
"Male-headed, typical",4721.145,2832.687,4742,450,1,0.004397933,5171.145,0,0
"Male-headed, typical",847.8713,847.8713,4742,450,1,0.821199642,1297.8713,1,0.726302973
"Male-headed, typical",1520.096,1064.067,4742,450,1,0.679439899,1970.096,1,0.584543231
"Male-headed, typical",4821.467,3375.027,4742,450,0,0,5271.467,0,0
"Male-headed, typical",608.0971,486.4777,4742,450,1,0.871763581,1058.0971,1,0.776866913
"Male-headed, typical",2261.491,1809.193,4742,450,1,0.52309342,2711.491,1,0.428196752
"Male-headed, typical",1358.875,815.3253,4742,450,1,0.713438423,1808.875,1,0.618541755
"Male-headed, typical",2401.367,2161.23,4742,450,1,0.493596162,2851.367,1,0.398699494
"Male-headed, typical",2880.538,2592.484,4742,450,1,0.39254787,3330.538,1,0.297651202
"Male-headed, typical",3175.828,1587.914,4742,450,1,0.330276677,3625.828,1,0.235380008
"Male-headed, typical",1795.368,897.684,4742,450,1,0.621390131,2245.368,1,0.526493463
"Male-headed, typical",1972.948,1479.711,4742,450,1,0.583941797,2422.948,1,0.489045129
"Male-headed, typical",3013.467,1205.387,4742,450,1,0.364515605,3463.467,1,0.269618937
"Male-headed, typical",1438.964,431.6893,4742,450,1,0.696549135,1888.964,1,0.601652467
"Male-headed, typical",1698.321,509.4963,4742,450,1,0.641855546,2148.321,1,0.546958878
"Male-headed, typical",158.0102,79.0051,4742,450,1,0.966678574,608.0102,1,0.871781906
"Male-headed, typical",1128.939,677.3634,4742,450,1,0.761927668,1578.939,1,0.667031
"Male-headed, typical",936.1819,561.7092,4742,450,1,0.802576571,1386.1819,1,0.707679903
"Male-headed, typical",592.3069,414.6149,4742,450,1,0.875093442,1042.3069,1,0.780196774
"Male-headed, typical",1351.438,946.0069,4742,450,1,0.715006748,1801.438,1,0.62011008
"Male-headed, typical",2664.88,1065.952,4742,450,1,0.438026149,3114.88,1,0.343129481
"Male-headed, typical",1863.943,1304.76,4742,450,1,0.606928933,2313.943,1,0.512032265
"Male-headed, typical",1325.954,1325.954,4742,450,1,0.720380852,1775.954,1,0.625484184
"Male-headed, typical",1649.87,907.4287,4742,450,1,0.652072965,2099.87,1,0.557176297
"Male-headed, typical",1456.506,509.777,4742,450,1,0.692849852,1906.506,1,0.597953184
"Male-headed, typical",1419.478,851.687,4742,450,1,0.700658372,1869.478,1,0.605761704
"Male-headed, typical",9569.146,3349.201,4742,450,0,0,10019.146,0,0
"Male-headed, typical",1308.128,850.2834,4742,450,1,0.724140025,1758.128,1,0.629243357
"Male-headed, typical",4106.849,2053.424,4742,450,1,0.133941586,4556.849,1,0.039044918
"Male-headed, typical",650.7466,357.9106,4742,450,1,0.862769591,1100.7466,1,0.767872923
"Male-headed, typical",3637.589,2182.553,4742,450,1,0.232899831,4087.589,1,0.138003163
"Male-headed, typical",3582.934,1970.614,4742,450,1,0.244425559,4032.934,1,0.149528891
"Male-headed, typical",840.6761,756.6085,4742,450,1,0.822716976,1290.6761,1,0.727820308
"Male-headed, typical",2486.504,1118.927,4742,450,1,0.475642345,2936.504,1,0.380745677
"Male-headed, typical",2165.892,1082.946,4742,450,1,0.54325348,2615.892,1,0.448356811
"Male-headed, typical",1155.247,750.9105,4742,450,1,0.756379798,1605.247,1,0.661483129
"Male-headed, typical",1667.898,1334.318,4742,450,1,0.648271194,2117.898,1,0.553374526
"Male-headed, typical",1241.224,372.3674,4742,450,1,0.73824884,1691.224,1,0.643352172
"Male-headed, typical",469.3191,375.4553,4742,450,1,0.901029291,919.3191,1,0.806132623
"Male-headed, typical",841.8219,841.8219,4742,450,1,0.822475348,1291.8219,1,0.72757868
"Male-headed, typical",1431.127,1001.789,4742,450,1,0.698201814,1881.127,1,0.603305146
"Male-headed, typical",2527.364,1516.418,4742,450,1,0.467025728,2977.364,1,0.372129059
"Male-headed, typical",2866.092,1146.437,4742,450,1,0.395594264,3316.092,1,0.300697596
"Male-headed, typical",747.7525,299.101,4742,450,1,0.842312843,1197.7525,1,0.747416175
"Male-headed, typical",2906.03,1453.015,4742,450,1,0.387172079,3356.03,1,0.292275411
"Male-headed, typical",1397.763,810.7027,4742,450,1,0.705237663,1847.763,1,0.610340995
"Male-headed, typical",5494.513,824.1769,4742,450,0,0,5944.513,0,0
"Male-headed, typical",998.8365,349.5928,4742,450,1,0.789363876,1448.8365,1,0.694467208
"Male-headed, typical",4451.192,2670.715,4742,450,1,0.061326023,4901.192,0,0
"Male-headed, typical",1657.551,994.5304,4742,450,1,0.650453184,2107.551,1,0.555556516
"Male-headed, typical",1530.293,382.5734,4742,450,1,0.67728954,1980.293,1,0.582392872
"Male-headed, typical",1325.332,662.666,4742,450,1,0.72051202,1775.332,1,0.625615352
"Male-headed, typical",1370.472,1370.472,4742,450,1,0.71099283,1820.472,1,0.616096162
"Male-headed, typical",817.9581,531.6727,4742,450,1,0.827507782,1267.9581,1,0.732611113
"Male-headed, typical",3020.134,2416.107,4742,450,1,0.363109658,3470.134,1,0.26821299
"Male-headed, typical",1563.209,625.2836,4742,450,1,0.670348165,2013.209,1,0.575451497
"Male-headed, typical",3693.636,2585.545,4742,450,1,0.221080557,4143.636,1,0.126183889
"Male-headed, typical",1139.012,398.6543,4742,450,1,0.759803458,1589.012,1,0.66490679
"Male-headed, typical",2849.249,1994.474,4742,450,1,0.399146141,3299.249,1,0.304249473
"Male-headed, typical",2049.214,1024.607,4742,450,1,0.567858709,2499.214,1,0.472962041
"Male-headed, typical",1058.293,529.1463,4742,450,1,0.776825601,1508.293,1,0.681928933
"Male-headed, typical",4814.249,3851.399,4742,450,0,0,5264.249,0,0
"Male-headed, typical",6929.486,2771.795,4742,450,0,0,7379.486,0,0
"Male-headed, typical",800.6035,480.3621,4742,450,1,0.831167545,1250.6035,1,0.736270877
"Male-headed, typical",1423.437,925.234,4742,450,1,0.699823492,1873.437,1,0.604926824
"Male-headed, typical",1153.506,807.4544,4742,450,1,0.756746942,1603.506,1,0.661850274
"Male-headed, typical",583.6049,291.8024,4742,450,1,0.876928532,1033.6049,1,0.782031864
"Male-headed, typical",3605.991,1802.995,4742,450,1,0.239563264,4055.991,1,0.144666596
"Male-headed, typical",5078.596,1523.579,4742,450,0,0,5528.596,0,0
"Male-headed, typical",1262.289,504.9155,4742,450,1,0.733806622,1712.289,1,0.638909954
"Male-headed, typical",2822.114,846.6341,4742,450,1,0.40486841,3272.114,1,0.309971742
"Male-headed, typical",893.2482,535.9489,4742,450,1,0.811630493,1343.2482,1,0.716733825
"Male-headed, typical",1903.362,1332.354,4742,450,1,0.598616196,2353.362,1,0.503719528
"Male-headed, typical",3071.016,1996.16,4742,450,1,0.352379587,3521.016,1,0.257482919
"Male-headed, typical",183.8677,110.3206,4742,450,1,0.961225706,633.8677,1,0.866329038
"Male-headed, typical",3168.862,2218.204,4742,450,1,0.331745677,3618.862,1,0.236849009
"Male-headed, typical",950.4182,665.2927,4742,450,1,0.799574399,1400.4182,1,0.704677731
"Male-headed, typical",2403.615,1922.892,4742,450,1,0.4931221,2853.615,1,0.398225432
"Male-headed, typical",4341.713,1953.771,4742,450,1,0.084413117,4791.713,0,0
"Male-headed, typical",411.4578,300.3642,4742,450,1,0.913231168,861.4578,1,0.8183345
"Male-headed, typical",889.864,711.8912,4742,450,1,0.812344159,1339.864,1,0.717447491
"Male-headed, typical",6171.603,2468.641,4742,450,0,0,6621.603,0,0
"Male-headed, typical",2401.893,1321.041,4742,450,1,0.493485238,2851.893,1,0.39858857
"Male-headed, typical",1275.369,956.5264,4742,450,1,0.731048292,1725.369,1,0.636151624
"Male-headed, typical",1462.436,219.3654,4742,450,1,0.691599325,1912.436,1,0.596702657
"Male-headed, typical",4794.198,3355.938,4742,450,0,0,5244.198,0,0
"Male-headed, typical",1624.934,568.7271,4742,450,1,0.657331506,2074.934,1,0.562434838
"Male-headed, typical",3793.852,758.7704,4742,450,1,0.199946858,4243.852,1,0.10505019
"Male-headed, typical",1138.452,512.3034,4742,450,1,0.759921552,1588.452,1,0.665024884
"Male-headed, typical",4289.313,2144.656,4742,450,1,0.095463307,4739.313,1,0.000566639
"Male-headed, typical",7835.436,1567.087,4742,450,0,0,8285.436,0,0
"Male-headed, typical",2198.694,879.4777,4742,450,1,0.536336145,2648.694,1,0.441439477
"Male-headed, typical",1264.016,884.8112,4742,450,1,0.733442429,1714.016,1,0.638545761
"Male-headed, typical",1052.678,421.0714,4742,450,1,0.778009701,1502.678,1,0.683113032
"Male-headed, typical",731.1526,475.2491,4742,450,1,0.845813454,1181.1526,1,0.750916786
"Male-headed, typical",3912.539,2347.524,4742,450,1,0.174917967,4362.539,1,0.080021299
"Male-headed, typical",1204.264,842.9847,4742,450,1,0.74604302,1654.264,1,0.651146352
"Male-headed, typical",814.0712,529.1463,4742,450,1,0.828327457,1264.0712,1,0.733430789
"Male-headed, typical",3367.658,2862.509,4742,450,1,0.289823281,3817.658,1,0.194926613
"Male-headed, typical",2100.986,420.1973,4742,450,1,0.556940953,2550.986,1,0.462044285
"Male-headed, typical",988.1808,592.9085,4742,450,1,0.791610966,1438.1808,1,0.696714298
"Male-headed, typical",1284.65,706.5576,4742,450,1,0.729091101,1734.65,1,0.634194433
"Male-headed, typical",1210.564,847.3951,4742,450,1,0.744714466,1660.564,1,0.649817798
"Male-headed, typical",2808.3,561.6599,4742,450,1,0.407781527,3258.3,1,0.312884859
"Male-headed, typical",2283.142,1027.414,4742,450,1,0.518527625,2733.142,1,0.423630957
"Male-headed, typical",1992.51,996.2548,4742,450,1,0.579816533,2442.51,1,0.484919865
"Male-headed, typical",816.4105,489.8463,4742,450,1,0.827834142,1266.4105,1,0.732937474
"Male-headed, typical",848.4788,212.1197,4742,450,1,0.821071531,1298.4788,1,0.726174863
"Male-headed, typical",1911.664,477.916,4742,450,1,0.596865458,2361.664,1,0.50196879
"Male-headed, typical",558.6212,558.6212,4742,450,1,0.882197132,1008.6212,1,0.787300464
"Male-headed, typical",1753.282,1051.969,4742,450,1,0.630265289,2203.282,1,0.535368621
"Male-headed, typical",4171.975,2085.987,4742,450,1,0.120207718,4621.975,1,0.02531105
"Male-headed, typical",2448.544,1469.127,4742,450,1,0.483647406,2898.544,1,0.388750738
"Male-headed, typical",9976.252,4988.126,4742,450,0,0,10426.252,0,0
"Male-headed, typical",3109.779,932.9337,4742,450,1,0.344205188,3559.779,1,0.24930852
"Male-headed, typical",3196.304,2237.413,4742,450,1,0.325958667,3646.304,1,0.231061999
"Male-headed, typical",9124.683,2737.405,4742,450,0,0,9574.683,0,0
"Male-headed, typical",279.1767,279.1767,4742,450,1,0.941126803,729.1767,1,0.846230135
"Male-headed, typical",1628.75,977.25,4742,450,1,0.656526782,2078.75,1,0.561630114
"Male-headed, typical",1832.44,1649.196,4742,450,1,0.613572332,2282.44,1,0.518675664
"Male-headed, typical",263.8714,263.8714,4742,450,1,0.944354407,713.8714,1,0.849457739
"Male-headed, typical",2103.805,1051.903,4742,450,1,0.556346478,2553.805,1,0.46144981
"Male-headed, typical",4716.224,2358.112,4742,450,1,0.005435681,5166.224,0,0
"Male-headed, typical",287.5316,172.5189,4742,450,1,0.939364909,737.5316,1,0.844468241
"Male-headed, typical",1160.861,812.6025,4742,450,1,0.755195909,1610.861,1,0.660299241
"Male-headed, typical",1402.323,631.0455,4742,450,1,0.704276044,1852.323,1,0.609379376
"Male-headed, typical",2221.151,1776.921,4742,450,1,0.53160038,2671.151,1,0.436703712
"Male-headed, typical",3872.687,2323.612,4742,450,1,0.183322016,4322.687,1,0.088425348
"Male-headed, typical",2023.482,1214.089,4742,450,1,0.573285112,2473.482,1,0.478388444
"Male-headed, typical",1640.225,984.1348,4742,450,1,0.654106917,2090.225,1,0.559210249
"Male-headed, typical",2392.086,1674.46,4742,450,1,0.495553353,2842.086,1,0.400656685
"Male-headed, typical",1052.423,578.8327,4742,450,1,0.778063475,1502.423,1,0.683166807
"Male-headed, typical",4545.869,2727.522,4742,450,1,0.041360396,4995.869,0,0
"Male-headed, typical",3509.545,3509.545,4742,450,1,0.25990194,3959.545,1,0.165005272
"Male-headed, typical",2295.743,1033.084,4742,450,1,0.515870308,2745.743,1,0.42097364
"Male-headed, typical",1449.421,869.6526,4742,450,1,0.694343948,1899.421,1,0.59944728